alpha,n_seeds,mean_phi,mean_auc,median_delta_bic,guard_pass_rate,n_ambiguous,n_hidden,n_identified,n_protocol_sensitive
0.0,20,0.011901562499999865,0.5104761743473077,1602.7191655704596,1.0,0,20,0,0
0.1,20,0.02227343749999993,0.5591858791923461,1605.786768375498,1.0,0,20,0,0
0.2,20,0.051739062499999953,0.6140061251292456,1608.7351561058708,1.0,0,20,0,0
0.3,20,0.09625156249999996,0.6664961553062911,1611.319175827834,1.0,0,20,0,0
0.4,20,0.1503078125,0.7159267918874875,1623.9266301083949,1.0,0,20,0,0
0.5,20,0.21481093749999997,0.7614908478464721,1642.0786441418027,1.0,0,20,0,0
0.6000000000000001,20,0.2838421875,0.8026029944459527,1665.133110774521,1.0,0,20,0,0
0.7000000000000001,20,0.3529765625,0.8390554244100841,1690.265943436219,1.0,8,12,0,0
0.8,20,0.42197031249999994,0.8709079138517767,1728.2092760730811,1.0,20,0,0,0
0.9,20,0.4902640625,0.8980500628314921,1769.4907256628724,1.0,15,0,0,5
1.0,20,0.5532953125000001,0.9208378916428573,1828.7144754590772,1.0,0,0,0,20
1.1,20,0.6137328125000001,0.9394489418803322,1895.138683157145,1.0,0,0,6,14
1.2000000000000002,20,0.6668984375,0.9544925498639298,1964.5936434625519,1.0,0,0,20,0
1.3,20,0.7156828125000001,0.9663780658217027,2040.304814998728,1.0,0,0,20,0
1.4,20,0.7604859375,0.9755873248073735,2118.446892123344,1.0,0,0,20,0
1.5,20,0.8000734375,0.9825289099097956,2198.5710548563397,1.0,0,0,20,0
1.6,20,0.8335390625000001,0.9877393245376375,2283.551582997531,1.0,0,0,20,0
1.7000000000000002,20,0.8609328125,0.9915496264650946,2374.270805055262,1.0,0,0,20,0
1.8,20,0.8862390625,0.9942817242072539,2472.6091678171183,1.0,0,0,20,0
1.9,20,0.9051453125,0.9961904069969947,2572.196082722292,1.0,0,0,20,0
2.0,20,0.9226984375,0.9975160356146964,2674.47650953811,1.0,0,0,20,0
2.1,20,0.9348921875,0.998392135610127,2776.783561794022,1.0,0,0,20,0
2.2,20,0.9443265625,0.9989844953447194,2879.55882973752,1.0,0,0,20,0
2.3000000000000003,20,0.9532609375,0.9993687721111989,2983.276962001796,1.0,0,0,20,0
2.4000000000000004,20,0.9580046875000001,0.9996180546615273,3088.892874094256,1.0,0,0,20,0
2.5,20,0.9632984375,0.9997714209259401,3187.107187694616,1.0,0,0,20,0
2.6,20,0.9664421875,0.9998664772980803,3282.978673651144,1.0,0,0,20,0
2.7,20,0.9693078125,0.999924091711686,3378.993462295499,1.0,0,0,20,0
2.8000000000000003,20,0.9712953125,0.999957470854563,3473.6079018700593,1.0,0,0,20,0
2.9000000000000004,20,0.9716765625000001,0.9999770135908627,3567.535558974798,1.0,0,0,20,0
3.0,20,0.9716765625000001,0.9999886630351466,3661.922570605564,1.0,0,0,20,0
