query_coverage,compression_budget,mean_phi,mean_auc,guard_pass_rate,readability_status,support_scope,identified_rate
0.1,1,0.150625,0.610628,1.0,hidden,oracle_asserted,0.0
0.1,2,0.194375,0.678725,1.0,hidden,oracle_asserted,0.0
0.1,3,0.255625,0.723468,1.0,hidden,oracle_asserted,0.0
0.1,4,0.288125,0.756035,1.0,hidden,oracle_asserted,0.0
0.1,5,0.328125,0.780213,1.0,hidden,oracle_asserted,0.0
0.1,6,0.346875,0.800412,1.0,ambiguous,oracle_asserted,0.0
0.1,7,0.380625,0.817063,1.0,ambiguous,oracle_asserted,0.0
0.1,8,0.40625,0.830989,1.0,ambiguous,oracle_asserted,0.0
0.1,9,0.434375,0.842682,1.0,ambiguous,oracle_asserted,0.0
0.1,10,0.438125,0.852604,1.0,ambiguous,oracle_asserted,0.0
0.15,1,0.162083,0.658084,1.0,hidden,oracle_asserted,0.0
0.15,2,0.235417,0.737218,1.0,hidden,oracle_asserted,0.0
0.15,3,0.309028,0.787779,1.0,hidden,oracle_asserted,0.0
0.15,4,0.360139,0.822432,1.0,hidden,oracle_asserted,0.0
0.15,5,0.415972,0.84769,1.0,ambiguous,oracle_asserted,0.0
0.15,6,0.454028,0.867702,1.0,ambiguous,oracle_asserted,0.0
0.15,7,0.486528,0.883244,1.0,ambiguous,oracle_asserted,0.0
0.15,8,0.519306,0.895905,1.0,ambiguous,oracle_asserted,0.1
0.15,9,0.542639,0.906443,1.0,protocol_sensitive,oracle_asserted,0.2
0.15,10,0.56125,0.915191,1.0,protocol_sensitive,oracle_asserted,0.3
0.2,1,0.132969,0.671467,1.0,hidden,oracle_asserted,0.0
0.2,2,0.254844,0.759016,1.0,hidden,oracle_asserted,0.0
0.2,3,0.339844,0.812071,1.0,hidden,oracle_asserted,0.0
0.2,4,0.407969,0.847367,1.0,ambiguous,oracle_asserted,0.0
0.2,5,0.450312,0.873363,1.0,ambiguous,oracle_asserted,0.0
0.2,6,0.501875,0.892949,1.0,protocol_sensitive,oracle_asserted,0.0
0.2,7,0.548125,0.907453,1.0,protocol_sensitive,oracle_asserted,0.0
0.2,8,0.571094,0.918485,1.0,protocol_sensitive,oracle_asserted,0.0
0.2,9,0.602656,0.928121,1.0,protocol_sensitive,oracle_asserted,0.2
0.2,10,0.62125,0.935777,1.0,identified,oracle_asserted,0.5
0.25,1,0.1451,0.679197,1.0,hidden,oracle_asserted,0.0
0.25,2,0.2653,0.775685,1.0,hidden,oracle_asserted,0.0
0.25,3,0.3724,0.833042,1.0,ambiguous,oracle_asserted,0.0
0.25,4,0.4478,0.869848,1.0,ambiguous,oracle_asserted,0.0
0.25,5,0.4998,0.895491,1.0,ambiguous,oracle_asserted,0.0
0.25,6,0.5516,0.914264,1.0,protocol_sensitive,oracle_asserted,0.0
0.25,7,0.594,0.928505,1.0,protocol_sensitive,oracle_asserted,0.3
0.25,8,0.6299,0.939193,1.0,identified,oracle_asserted,0.7
0.25,9,0.6612,0.947616,1.0,identified,oracle_asserted,0.9
0.25,10,0.6822,0.954411,1.0,identified,oracle_asserted,1.0
0.3,1,0.175035,0.7137,1.0,hidden,oracle_asserted,0.0
0.3,2,0.324687,0.811145,1.0,hidden,oracle_asserted,0.0
0.3,3,0.427118,0.865985,1.0,ambiguous,oracle_asserted,0.0
0.3,4,0.510451,0.900474,1.0,protocol_sensitive,oracle_asserted,0.0
0.3,5,0.57809,0.923328,1.0,protocol_sensitive,oracle_asserted,0.1
0.3,6,0.62691,0.939205,1.0,identified,oracle_asserted,0.6
0.3,7,0.667188,0.950763,1.0,identified,oracle_asserted,0.9
0.3,8,0.697604,0.95965,1.0,identified,oracle_asserted,1.0
0.3,9,0.726493,0.966373,1.0,identified,oracle_asserted,1.0
0.3,10,0.750382,0.971595,1.0,identified,oracle_asserted,1.0
0.35,1,0.180485,0.719909,1.0,hidden,oracle_asserted,0.0
0.35,2,0.334107,0.821523,1.0,hidden,oracle_asserted,0.0
0.35,3,0.452168,0.877131,1.0,ambiguous,oracle_asserted,0.0
0.35,4,0.534719,0.911136,1.0,protocol_sensitive,oracle_asserted,0.0
0.35,5,0.602219,0.932954,1.0,protocol_sensitive,oracle_asserted,0.3
0.35,6,0.654362,0.948027,1.0,identified,oracle_asserted,0.8
0.35,7,0.693036,0.958732,1.0,identified,oracle_asserted,1.0
0.35,8,0.726811,0.966612,1.0,identified,oracle_asserted,1.0
0.35,9,0.752985,0.972577,1.0,identified,oracle_asserted,1.0
0.35,10,0.781352,0.977165,1.0,identified,oracle_asserted,1.0
0.4,1,0.19127,0.733346,1.0,hidden,oracle_asserted,0.0
0.4,2,0.364941,0.838632,1.0,ambiguous,oracle_asserted,0.0
0.4,3,0.489238,0.89439,1.0,ambiguous,oracle_asserted,0.0
0.4,4,0.581582,0.926581,1.0,protocol_sensitive,oracle_asserted,0.0
0.4,5,0.648574,0.946844,1.0,identified,oracle_asserted,0.9
0.4,6,0.698535,0.96034,1.0,identified,oracle_asserted,1.0
0.4,7,0.738848,0.969565,1.0,identified,oracle_asserted,1.0
0.4,8,0.770684,0.976125,1.0,identified,oracle_asserted,1.0
0.4,9,0.799512,0.980852,1.0,identified,oracle_asserted,1.0
0.4,10,0.819277,0.984442,1.0,identified,oracle_asserted,1.0
0.45,1,0.199429,0.739155,1.0,hidden,oracle_asserted,0.0
0.45,2,0.386806,0.848503,1.0,ambiguous,oracle_asserted,0.0
0.45,3,0.513472,0.904111,1.0,protocol_sensitive,oracle_asserted,0.0
0.45,4,0.606528,0.93575,1.0,protocol_sensitive,oracle_asserted,0.3
0.45,5,0.676806,0.955202,1.0,identified,oracle_asserted,1.0
0.45,6,0.728071,0.967435,1.0,identified,oracle_asserted,1.0
0.45,7,0.765602,0.975711,1.0,identified,oracle_asserted,1.0
0.45,8,0.798565,0.98149,1.0,identified,oracle_asserted,1.0
0.45,9,0.825602,0.985601,1.0,identified,oracle_asserted,1.0
0.45,10,0.844799,0.98856,1.0,identified,oracle_asserted,1.0
0.5,1,0.203888,0.747136,1.0,hidden,oracle_asserted,0.0
0.5,2,0.401488,0.857982,1.0,ambiguous,oracle_asserted,0.0
0.5,3,0.538262,0.912674,1.0,protocol_sensitive,oracle_asserted,0.0
0.5,4,0.630213,0.942796,1.0,identified,oracle_asserted,0.6
0.5,5,0.698112,0.960862,1.0,identified,oracle_asserted,1.0
0.5,6,0.748712,0.972087,1.0,identified,oracle_asserted,1.0
0.5,7,0.785187,0.979491,1.0,identified,oracle_asserted,1.0
0.5,8,0.815462,0.984617,1.0,identified,oracle_asserted,1.0
0.5,9,0.840037,0.988213,1.0,identified,oracle_asserted,1.0
0.5,10,0.857762,0.990813,1.0,identified,oracle_asserted,1.0
0.55,1,0.229835,0.766869,1.0,hidden,oracle_asserted,0.0
0.55,2,0.441674,0.876975,1.0,ambiguous,oracle_asserted,0.0
0.55,3,0.584174,0.928703,1.0,protocol_sensitive,oracle_asserted,0.0
0.55,4,0.676612,0.95578,1.0,identified,oracle_asserted,1.0
0.55,5,0.743347,0.971135,1.0,identified,oracle_asserted,1.0
0.55,6,0.790455,0.98038,1.0,identified,oracle_asserted,1.0
0.55,7,0.827831,0.986247,1.0,identified,oracle_asserted,1.0
0.55,8,0.854401,0.990025,1.0,identified,oracle_asserted,1.0
0.55,9,0.874752,0.992605,1.0,identified,oracle_asserted,1.0
0.55,10,0.892169,0.994414,1.0,identified,oracle_asserted,1.0
0.6,1,0.254479,0.783762,1.0,hidden,oracle_asserted,0.0
0.6,2,0.47349,0.890856,1.0,ambiguous,oracle_asserted,0.0
0.6,3,0.614653,0.93927,1.0,protocol_sensitive,oracle_asserted,0.3
0.6,4,0.707153,0.963668,1.0,identified,oracle_asserted,1.0
0.6,5,0.772031,0.976958,1.0,identified,oracle_asserted,1.0
0.6,6,0.81349,0.984764,1.0,identified,oracle_asserted,1.0
0.6,7,0.847795,0.989628,1.0,identified,oracle_asserted,1.0
0.6,8,0.871563,0.992681,1.0,identified,oracle_asserted,1.0
0.6,9,0.892205,0.994713,1.0,identified,oracle_asserted,1.0
0.6,10,0.905764,0.996108,1.0,identified,oracle_asserted,1.0
0.65,1,0.259978,0.786124,1.0,hidden,oracle_asserted,0.0
0.65,2,0.483661,0.894088,1.0,ambiguous,oracle_asserted,0.0
0.65,3,0.625614,0.941865,1.0,identified,oracle_asserted,0.7
0.65,4,0.714786,0.965478,1.0,identified,oracle_asserted,1.0
0.65,5,0.778632,0.978391,1.0,identified,oracle_asserted,1.0
0.65,6,0.822004,0.985885,1.0,identified,oracle_asserted,1.0
0.65,7,0.851679,0.990423,1.0,identified,oracle_asserted,1.0
0.65,8,0.877833,0.99332,1.0,identified,oracle_asserted,1.0
0.65,9,0.894682,0.995239,1.0,identified,oracle_asserted,1.0
0.65,10,0.908809,0.996538,1.0,identified,oracle_asserted,1.0
0.7,1,0.254305,0.784464,1.0,hidden,oracle_asserted,0.0
0.7,2,0.491358,0.897651,1.0,ambiguous,oracle_asserted,0.0
0.7,3,0.639305,0.946275,1.0,identified,oracle_asserted,0.8
0.7,4,0.731065,0.969595,1.0,identified,oracle_asserted,1.0
0.7,5,0.795159,0.981804,1.0,identified,oracle_asserted,1.0
0.7,6,0.840083,0.988533,1.0,identified,oracle_asserted,1.0
0.7,7,0.871524,0.992528,1.0,identified,oracle_asserted,1.0
0.7,8,0.891193,0.99501,1.0,identified,oracle_asserted,1.0
0.7,9,0.905772,0.996563,1.0,identified,oracle_asserted,1.0
0.7,10,0.920083,0.99754,1.0,identified,oracle_asserted,1.0
0.75,1,0.282061,0.800091,1.0,hidden,oracle_asserted,0.0
0.75,2,0.519661,0.908823,1.0,protocol_sensitive,oracle_asserted,0.0
0.75,3,0.666517,0.953686,1.0,identified,oracle_asserted,0.9
0.75,4,0.756261,0.974626,1.0,identified,oracle_asserted,1.0
0.75,5,0.815061,0.985199,1.0,identified,oracle_asserted,1.0
0.75,6,0.854361,0.990939,1.0,identified,oracle_asserted,1.0
0.75,7,0.883283,0.994272,1.0,identified,oracle_asserted,1.0
0.75,8,0.90345,0.996294,1.0,identified,oracle_asserted,1.0
0.75,9,0.918394,0.997498,1.0,identified,oracle_asserted,1.0
0.75,10,0.927283,0.998303,1.0,identified,oracle_asserted,1.0
0.8,1,0.294639,0.808484,1.0,hidden,oracle_asserted,0.0
0.8,2,0.543447,0.916946,1.0,protocol_sensitive,oracle_asserted,0.0
0.8,3,0.687764,0.959934,1.0,identified,oracle_asserted,1.0
0.8,4,0.778613,0.979046,1.0,identified,oracle_asserted,1.0
0.8,5,0.835762,0.988349,1.0,identified,oracle_asserted,1.0
0.8,6,0.874014,0.993156,1.0,identified,oracle_asserted,1.0
0.8,7,0.898457,0.995821,1.0,identified,oracle_asserted,1.0
0.8,8,0.918701,0.997396,1.0,identified,oracle_asserted,1.0
0.8,9,0.929004,0.998319,1.0,identified,oracle_asserted,1.0
0.8,10,0.938076,0.998884,1.0,identified,oracle_asserted,1.0
0.85,1,0.316843,0.819984,1.0,hidden,oracle_asserted,0.0
0.85,2,0.568737,0.925234,1.0,protocol_sensitive,oracle_asserted,0.0
0.85,3,0.710908,0.965271,1.0,identified,oracle_asserted,1.0
0.85,4,0.797526,0.982465,1.0,identified,oracle_asserted,1.0
0.85,5,0.85314,0.990574,1.0,identified,oracle_asserted,1.0
0.85,6,0.888521,0.994577,1.0,identified,oracle_asserted,1.0
0.85,7,0.913296,0.996772,1.0,identified,oracle_asserted,1.0
0.85,8,0.928806,0.997994,1.0,identified,oracle_asserted,1.0
0.85,9,0.938227,0.998688,1.0,identified,oracle_asserted,1.0
0.85,10,0.949516,0.999136,1.0,identified,oracle_asserted,1.0
0.9,1,0.313133,0.818439,1.0,hidden,oracle_asserted,0.0
0.9,2,0.572569,0.927007,1.0,protocol_sensitive,oracle_asserted,0.0
0.9,3,0.718827,0.967236,1.0,identified,oracle_asserted,1.0
0.9,4,0.80804,0.983938,1.0,identified,oracle_asserted,1.0
0.9,5,0.860309,0.991577,1.0,identified,oracle_asserted,1.0
0.9,6,0.894066,0.995363,1.0,identified,oracle_asserted,1.0
0.9,7,0.916883,0.997316,1.0,identified,oracle_asserted,1.0
0.9,8,0.933465,0.998391,1.0,identified,oracle_asserted,1.0
0.9,9,0.943434,0.998999,1.0,identified,oracle_asserted,1.0
0.9,10,0.950471,0.99937,1.0,identified,oracle_asserted,1.0
0.95,1,0.340038,0.832777,1.0,hidden,oracle_asserted,0.0
0.95,2,0.600959,0.936065,1.0,protocol_sensitive,oracle_asserted,0.2
0.95,3,0.74287,0.972647,1.0,identified,oracle_asserted,1.0
0.95,4,0.825585,0.987268,1.0,identified,oracle_asserted,1.0
0.95,5,0.875966,0.993644,1.0,identified,oracle_asserted,1.0
0.95,6,0.908494,0.996682,1.0,identified,oracle_asserted,1.0
0.95,7,0.929595,0.998184,1.0,identified,oracle_asserted,1.0
0.95,8,0.94249,0.998962,1.0,identified,oracle_asserted,1.0
0.95,9,0.951382,0.999385,1.0,identified,oracle_asserted,1.0
0.95,10,0.95965,0.999626,1.0,identified,oracle_asserted,1.0
1.0,1,0.347228,0.836875,1.0,hidden,oracle_asserted,0.0
1.0,2,0.614328,0.93999,1.0,protocol_sensitive,oracle_asserted,0.3
1.0,3,0.755503,0.975231,1.0,identified,oracle_asserted,1.0
1.0,4,0.840072,0.988758,1.0,identified,oracle_asserted,1.0
1.0,5,0.888334,0.994514,1.0,identified,oracle_asserted,1.0
1.0,6,0.915428,0.997152,1.0,identified,oracle_asserted,1.0
1.0,7,0.934778,0.998446,1.0,identified,oracle_asserted,1.0
1.0,8,0.945997,0.999109,1.0,identified,oracle_asserted,1.0
1.0,9,0.955572,0.999466,1.0,identified,oracle_asserted,1.0
1.0,10,0.959491,0.999676,1.0,identified,oracle_asserted,1.0
